ref_id,status,source_file,source_name,data_version,normalized_status,region_count,size_x,size_y,size_z,bounding_volume,non_air_blocks,air_blocks,occupancy_ratio,unique_block_states,unique_block_types,palette_entropy,wood_ratio,stone_ratio,glass_ratio,metal_ratio,decorative_ratio,functional_block_ratio,unknown_material_ratio,footprint_area,solid_volume,surface_area_estimate,width_height_ratio,depth_height_ratio,symmetry_x,symmetry_z,exterior_shell_ratio,interior_air_ratio,estimated_floor_count,floor_detection_confidence,usable_floor_area,door_count,exterior_door_candidates,window_count_estimate,stair_count,stair_cluster_count,ladder_count,vertical_access_candidates,walkable_voxels,walkable_components,largest_component_ratio,isolated_space_count,vertical_connections,dead_end_count,ir_source
REF-0001,OK,丁香树坛.litematic,丁香树坛,3465,LEGACY_SAFE,1,14,15,15,3150,555,2595,0.17619,14,7,3.5268576745416182,0.095495,0.225225,0.0,0.0,0.679279,0.0,0.0,153,555,1476,0.9333,1.0,0.357,0.4472,0.85045,0.000952,2,high,163,0,0,0,0,0,0,0,253,106,0.3597,1,36,51,normalized
REF-0002,OK,世界之塔.litematic,世界之塔,4438,LEGACY_SAFE,1,55,124,52,354640,19651,334989,0.055411,172,71,3.8273557299466523,0.156684,0.616254,0.052873,0.000509,0.106814,0.060913,0.005954,2860,19651,49008,0.4435,0.4194,0.8598,0.3186,0.940207,0.000426,1,medium,2856,5,5,1039,170,50,41,60,9618,1610,0.7246,19,702,679,normalized
REF-0003,OK,中世纪农舍.litematic,中世纪农舍,3465,LEGACY_SAFE,1,15,14,19,3990,1387,2603,0.347619,126,40,5.468562523366461,0.379236,0.020908,0.043259,0.002884,0.092286,0.461428,0.0,226,1387,2706,1.0714,1.3571,0.3122,0.4693,0.83057,0.035589,3,high,348,4,4,60,216,21,59,41,548,43,0.458,3,370,39,normalized
REF-0004,OK,中世纪四层小屋.litematic,中世纪四层小屋,3465,MIGRATED,1,21,21,23,10143,2440,7703,0.24056,87,29,4.928579242748287,0.294672,0.526639,0.02377,0.0,0.010246,0.144672,0.0,483,2440,4524,1.0,1.0952,0.4545,0.3872,0.548361,0.126886,4,high,1057,2,2,58,448,27,0,27,1075,54,0.4837,3,268,36,normalized
REF-0005,OK,中世纪大门守卫房.litematic,中世纪大门守卫房,4438,LEGACY_SAFE,1,17,32,48,26112,2442,23670,0.09352,38,13,3.551685881470333,0.419738,0.176085,0.0,0.0,0.009828,0.394349,0.0,388,2442,5270,0.5312,1.5,0.1573,0.4684,0.856265,0.018267,UNKNOWN,low,UNKNOWN,0,0,0,135,36,42,40,901,73,0.3907,8,574,112,normalized
REF-0006,OK,中世纪工具匠铺.litematic,中世纪工具匠铺,4189,MIGRATED,1,25,21,29,15225,3654,11571,0.24,325,147,6.326057462859653,0.198139,0.491516,0.0,0.015326,0.079365,0.213738,0.001916,557,3654,5534,1.1905,1.381,0.5225,0.3506,0.563492,0.029491,3,medium,721,4,2,0,165,50,12,56,1081,114,0.3543,17,301,121,normalized
REF-0007,OK,中世纪工坊.litematic,中世纪工坊,4189,MIGRATED,1,34,26,31,27404,4381,23023,0.159867,358,144,6.701020497367133,0.170052,0.438941,0.0,0.009815,0.076238,0.295138,0.009815,897,4381,7418,1.3077,1.1923,0.2962,0.2391,0.636841,0.020253,2,medium,742,10,7,0,544,42,26,59,1592,116,0.5603,10,512,131,normalized
REF-0008,OK,中世纪异世界酒馆.litematic,中世纪异世界酒馆,3465,MIGRATED,1,31,26,31,24986,5608,19378,0.224446,338,143,6.206528511708095,0.168153,0.381241,0.00428,0.008916,0.166904,0.243937,0.026569,961,5608,8312,1.1923,1.1923,0.4766,0.5339,0.598609,0.01813,3,medium,980,5,4,24,331,118,20,126,1745,130,0.561,20,540,162,normalized
REF-0009,OK,中世纪据点_小.litematic,中世纪据点_小,4438,LEGACY_SAFE,1,63,49,51,157437,28442,128995,0.180656,106,41,3.379066408471399,0.061036,0.832677,0.011427,0.002989,0.01206,0.077913,0.001899,3213,28442,30624,1.2857,1.0408,0.92,0.4855,0.414668,0.021367,2,medium,2206,37,29,325,736,107,127,123,5577,368,0.6034,95,1842,470,normalized
REF-0010,OK,中世纪海港小屋.litematic,中世纪海港小屋,4438,LEGACY_SAFE,1,19,26,16,7904,2203,5701,0.27872,132,40,4.768203312316086,0.356332,0.163867,0.0,0.0,0.016795,0.383568,0.079437,304,2203,3330,0.7308,0.6154,0.5476,0.3043,0.455288,0.068573,2,high,231,3,1,0,445,42,4,43,629,39,0.256,9,206,46,normalized
REF-0011,OK,中世纪酒馆_二.litematic,中世纪酒馆_二,3953,MIGRATED,1,57,51,54,156978,12576,144402,0.080113,404,159,6.570971877809489,0.169768,0.379135,0.0,0.008429,0.056854,0.383747,0.002067,1362,12576,21524,1.1176,1.0588,0.2725,0.421,0.772265,0.008581,1,medium,1313,9,9,0,893,214,37,224,3993,577,0.4265,81,721,624,normalized
REF-0012,OK,中世纪酿酒厂.litematic,中世纪酿酒厂,3465,MIGRATED,1,42,46,67,129444,13062,116382,0.100909,524,171,6.830701330403355,0.438754,0.192237,0.010106,0.009723,0.033685,0.315113,0.000383,1091,13062,18728,0.913,1.4565,0.5309,0.2128,0.415097,0.050477,UNKNOWN,low,UNKNOWN,4,4,132,861,127,55,145,2763,418,0.2588,46,649,452,normalized
REF-0013,OK,中世纪门楼.litematic,中世纪门楼,3465,MIGRATED,1,47,63,51,151011,9587,141424,0.063485,371,106,5.703156431852582,0.304371,0.288411,0.0,0.007927,0.027433,0.370397,0.00146,920,9587,16796,0.746,0.8095,0.5025,0.2128,0.820382,0.005721,UNKNOWN,low,UNKNOWN,4,4,0,612,145,6,149,2839,185,0.3734,47,478,237,normalized
REF-0014,OK,中世纪面包房.litematic,中世纪面包房,3465,MIGRATED,1,71,69,63,308637,17839,290798,0.057799,599,150,6.98029236973105,0.187398,0.34077,0.004036,0.012108,0.031672,0.422782,0.001233,2054,17839,35206,1.029,0.913,0.1516,0.2726,0.875273,0.00117,1,medium,1574,4,4,72,1295,171,30,175,5229,762,0.3205,102,1166,701,normalized
REF-0015,OK,中式塔楼.litematic,中式塔楼,3465,LEGACY_SAFE,1,21,49,21,21609,4877,16732,0.225693,85,21,4.484924660005335,0.221858,0.46381,0.0,0.0,0.0,0.314333,0.0,441,4877,9626,0.4286,0.4286,0.9996,0.9849,0.857084,0.03369,6,high,1226,8,8,0,1064,44,41,45,2123,73,0.5963,7,1426,48,normalized
REF-0016,OK,中式小亭.litematic,中式小亭,3465,MIGRATED,1,21,27,22,12474,751,11723,0.060205,76,21,4.84587559273456,0.177097,0.605859,0.001332,0.002663,0.011984,0.201065,0.0,226,751,1722,0.7778,0.8148,0.3907,0.2729,0.876165,0.0,1,medium,149,0,0,1,108,14,0,14,347,31,0.5793,1,338,12,normalized
REF-0017,OK,中式灯笼路灯.litematic,中式灯笼路灯,3465,MIGRATED,1,3,10,7,210,34,176,0.161905,14,7,3.552733151033162,0.0,0.029412,0.0,0.088235,0.088235,0.794118,0.0,11,34,132,0.3,0.7,1.0,0.7,0.911765,0.0,2,high,19,0,0,0,0,0,0,0,3,3,0.3333,0,0,0,normalized
REF-0018,OK,中式青蛇飞艇.litematic,中式青蛇飞艇,3465,MIGRATED,1,19,20,35,13300,1101,12199,0.082782,123,43,4.470484298388172,0.221617,0.482289,0.008174,0.018165,0.007266,0.259764,0.002725,275,1101,2536,0.95,1.75,0.293,0.4959,0.763851,0.02,1,medium,210,14,14,9,49,12,8,14,418,35,0.5096,5,151,28,normalized
REF-0019,OK,云杉树_中_三.litematic,云杉树_中_三,3465,LEGACY_SAFE,1,16,45,15,10800,1603,9197,0.148426,2,2,0.7072169654254423,0.192764,0.0,0.0,0.0,0.807236,0.0,0.0,152,1603,2370,0.3556,0.3333,0.4546,0.3454,0.62383,0.000556,2,medium,161,0,0,0,0,0,0,0,291,183,0.0241,0,0,114,normalized
REF-0020,OK,伦布里奇要塞.litematic,伦布里奇要塞,4438,LEGACY_SAFE,1,67,23,58,89378,10318,79060,0.115442,70,31,2.270230968246712,0.016379,0.919461,0.00126,0.0,0.023454,0.035957,0.003489,3884,10318,19868,2.913,2.5217,0.9173,0.2923,0.738806,0.027904,1,medium,1272,16,14,13,23,12,38,20,5436,143,0.7684,31,712,146,normalized
REF-0021,OK,八角塔.litematic,八角塔,3700,LEGACY_SAFE,1,63,98,77,475398,19009,456389,0.039985,247,64,5.837939081633928,0.230785,0.509864,0.0,0.022516,0.029302,0.207533,0.0,2513,19009,41300,0.6429,0.7857,0.9951,0.0984,0.913041,4.6e-05,1,medium,1925,152,152,0,1164,328,0,328,7677,726,0.256,109,3720,696,normalized
REF-0022,OK,六角亭.litematic,六角亭,3465,LEGACY_SAFE,1,37,32,35,41440,4013,37427,0.096839,86,30,4.69519015574592,0.191627,0.475704,0.0,0.0,0.079741,0.228009,0.024919,868,4013,8504,1.1562,1.0938,0.9975,0.9886,0.663095,0.041844,3,medium,1321,0,0,0,217,47,0,47,1703,123,0.2319,21,946,178,normalized
REF-0023,OK,农田_一.litematic,农田_一,3465,LEGACY_SAFE,1,9,10,22,1980,318,1662,0.160606,18,9,2.7353110074919242,0.059748,0.393082,0.0,0.0,0.493711,0.037736,0.015723,149,318,644,0.9,2.2,0.6101,0.5143,0.742138,0.0,1,medium,144,0,0,0,0,0,0,0,163,48,0.6442,0,0,19,normalized
REF-0024,OK,冥界之门.litematic,冥界之门,4438,MIGRATED,1,74,63,66,307692,14557,293135,0.04731,26,19,2.670881693212652,0.002404,0.944288,0.0,0.004259,0.04843,0.000618,0.0,3217,14557,29118,1.1746,1.0476,0.7293,0.3742,0.870097,0.030784,1,medium,2819,0,0,0,30,6,11,17,5242,1234,0.3644,43,60,897,normalized
REF-0025,OK,利登赛特要塞.litematic,利登赛特要塞,4438,LEGACY_SAFE,1,44,39,52,89232,11261,77971,0.126199,186,66,4.55450785209678,0.077968,0.789628,0.000266,0.005151,0.024154,0.099725,0.003108,2288,11261,20052,1.1282,1.3333,0.3638,0.3695,0.659444,0.029967,1,medium,722,21,20,3,1011,274,42,279,3894,349,0.6091,17,1079,295,normalized
REF-0026,OK,利维坦号.litematic,利维坦号,3465,MIGRATED,1,192,187,110,3949440,61591,3887849,0.015595,670,202,6.5031665827500635,0.311994,0.25757,0.003588,0.005569,0.014337,0.40691,3.2e-05,4950,61591,132232,1.0267,0.5882,0.1679,0.2212,0.85407,0.000369,UNKNOWN,low,UNKNOWN,13,10,221,2220,579,80,651,18174,5491,0.2624,194,3008,3503,normalized
REF-0027,OK,剑士工会.litematic,剑士工会,3465,MIGRATED,1,51,48,55,134640,11341,123299,0.084232,488,155,6.834598455315426,0.380213,0.198395,0.016489,0.01111,0.02998,0.308527,0.055286,988,11341,16866,1.0625,1.1458,0.5029,0.4032,0.763072,0.000921,UNKNOWN,low,UNKNOWN,4,4,187,921,150,16,152,2694,439,0.3872,38,585,574,normalized
REF-0028,OK,南瓜屋.litematic,南瓜屋,3465,MIGRATED,1,50,79,101,398950,58123,340827,0.14569,225,99,2.831899816609936,0.348588,0.606421,0.001445,8.6e-05,0.012697,0.015553,0.015209,5050,58123,35044,0.6329,1.2785,0.4964,0.7511,0.19722,2.8e-05,1,medium,1879,2,2,84,53,14,0,14,7095,972,0.0615,102,95,857,normalized
REF-0029,OK,双人农田木屋.litematic,双人农田木屋,3465,MIGRATED,1,23,12,23,6348,1218,5130,0.191871,61,31,4.25491695430419,0.119869,0.429392,0.0,0.003284,0.142857,0.304598,0.0,529,1218,2346,1.9167,1.9167,0.4089,0.6218,0.851396,0.0,2,medium,340,0,0,0,27,5,0,5,788,9,0.7843,3,311,10,normalized
REF-0030,OK,双层L型农田木屋.litematic,双层L型农田木屋,3465,LEGACY_SAFE,1,36,17,33,20196,2954,17242,0.146267,108,44,4.615501129761683,0.189235,0.349018,0.046039,0.000339,0.132701,0.282668,0.0,1188,2954,5042,2.1176,1.9412,0.4271,0.5298,0.616791,0.038324,1,medium,449,4,2,136,502,14,0,14,1568,24,0.7341,6,275,32,normalized
REF-0031,OK,双羽木飞船.litematic,双羽木飞船,3465,LEGACY_SAFE,1,35,34,92,109480,10581,98899,0.096648,110,34,3.7922843793077505,0.618184,0.040922,0.020036,0.000756,0.12806,0.191853,0.000189,1787,10581,23056,1.0294,2.7059,0.2883,0.2614,0.906153,0.010057,2,high,2534,0,0,212,500,208,4,209,4817,390,0.377,48,1095,513,normalized
REF-0032,OK,哈利卡纳苏斯陵墓.litematic,哈利卡纳苏斯陵墓,4438,LEGACY_SAFE,1,122,60,170,1244400,69320,1175080,0.055706,274,78,4.981834337546811,0.413546,0.453491,0.0,0.009997,0.093133,0.029833,0.0,20740,69320,100248,2.0333,2.8333,0.5611,0.5827,0.69159,0.008206,2,high,20880,0,0,0,1405,145,0,145,28232,2230,0.7501,44,2091,856,normalized
REF-0033,OK,哨塔_小.litematic,哨塔_小,3465,LEGACY_SAFE,1,9,15,9,1215,340,875,0.279835,93,36,5.2753012266382635,0.164706,0.329412,0.002941,0.002941,0.032353,0.461765,0.005882,81,340,682,0.6,0.6,0.9263,0.9373,0.864706,0.001646,2,high,114,1,1,1,62,5,0,5,138,17,0.4783,2,51,5,normalized
REF-0034,OK,唐屋_大.litematic,唐屋_大,3465,LEGACY_SAFE,1,93,43,84,335916,36818,299098,0.109605,201,59,4.040773759013123,0.109973,0.695828,0.0,0.000435,0.001738,0.192026,0.0,5416,36818,49740,2.1628,1.9535,0.6982,0.2512,0.648053,9.2e-05,1,medium,5323,0,0,0,711,241,40,261,11182,453,0.3112,77,5289,418,normalized
REF-0035,OK,唐屋_小.litematic,唐屋_小,3465,LEGACY_SAFE,1,44,21,26,24024,5080,18944,0.211455,60,26,4.477025236392024,0.100591,0.754528,0.0,0.0,0.0,0.144882,0.0,936,5080,8582,2.0952,1.2381,0.6871,0.2405,0.507283,0.143232,2,high,1366,0,0,0,94,22,0,22,1737,113,0.3115,12,1019,46,normalized
REF-0036,OK,四兵器铁匠铺.litematic,四兵器铁匠铺,4189,MIGRATED,1,134,71,164,1560296,59962,1500334,0.03843,537,153,2.7688063176036337,0.014109,0.249225,0.000984,0.00015,0.637154,0.096211,0.002168,12115,59962,49786,1.8873,2.3099,0.568,0.5867,0.3161,0.000535,1,medium,8165,1,1,59,1488,176,0,176,14883,446,0.481,75,3206,437,normalized
REF-0037,OK,圣亨格勒大教堂.litematic,圣亨格勒大教堂,4438,LEGACY_SAFE,1,53,51,37,100011,8160,91851,0.081591,171,42,4.8850149571536186,0.066667,0.386152,0.06201,0.051716,0.313113,0.120343,0.0,1329,8160,14254,1.0392,0.7255,0.2724,0.4399,0.84277,0.0037,1,medium,926,0,0,506,455,124,0,124,1955,349,0.3995,19,670,211,normalized
REF-0038,OK,圣埃德大教堂.litematic,圣埃德大教堂,3465,LEGACY_SAFE,1,53,80,75,318000,30538,287462,0.096031,229,57,5.007963010946181,0.116118,0.693038,0.03458,0.004552,0.025935,0.125614,0.000164,2959,30538,57552,0.6625,0.9375,0.9935,0.2537,0.844489,0.001786,2,high,3792,0,0,1056,7463,565,220,600,8253,991,0.3979,61,4567,786,normalized
REF-0039,OK,圣彼得里教堂_德国汉堡.litematic,圣彼得里教堂_德国汉堡,3465,LEGACY_SAFE,1,62,108,83,555768,24852,530916,0.044717,329,46,5.256130714035973,0.0,0.876147,0.041606,8e-05,0.010703,0.071463,0.0,5146,24852,44832,0.5741,0.7685,0.9974,0.3497,0.768831,0.024496,1,medium,5146,0,0,1034,4045,223,0,223,8857,899,0.3648,20,3092,516,normalized
REF-0040,OK,地中海岛屿小屋.litematic,地中海岛屿小屋,3953,MIGRATED,1,73,71,75,388725,31100,357625,0.080005,500,181,5.098395045728698,0.045563,0.648264,0.0,0.000868,0.080322,0.069068,0.155916,5475,31100,41166,1.0282,1.0563,0.367,0.2647,0.463408,0.043802,1,medium,5475,2,2,0,509,162,24,180,4763,1088,0.3691,41,1637,938,normalized
REF-0041,OK,壁炉小屋.litematic,壁炉小屋,3465,MIGRATED,1,44,42,52,96096,10236,85860,0.106518,348,126,6.244605578088952,0.375733,0.241305,0.034095,0.006936,0.025791,0.316139,0.0,1245,10236,16096,1.0476,1.2381,0.2578,0.5984,0.8517,0.0,2,high,2017,1,1,349,1636,78,0,78,2858,210,0.3247,31,801,345,normalized
REF-0042,OK,大圣诞树.litematic,大圣诞树,4438,LEGACY_SAFE,1,23,96,23,50784,4934,45850,0.097157,14,6,2.707957513524522,0.240981,0.015809,0.0,0.0,0.74321,0.0,0.0,437,4934,11412,0.2396,0.2396,0.8977,0.889,0.645926,0.094203,5,high,1502,0,0,0,0,0,0,0,2020,285,0.1678,13,0,249,normalized
REF-0043,OK,大型中世纪酒馆.litematic,大型中世纪酒馆,3953,MIGRATED,1,36,57,73,149796,13341,136455,0.089061,280,109,5.642532849285612,0.225845,0.579942,0.008395,0.004722,0.020388,0.160333,0.000375,2628,13341,27472,0.6316,1.2807,0.2623,0.3724,0.868601,0.01472,2,high,3589,1,1,112,1249,109,51,118,5867,354,0.5084,44,789,388,normalized
REF-0044,OK,大型奇幻农舍.litematic,大型奇幻农舍,4438,MIGRATED,1,57,37,56,118104,16035,102069,0.13577,564,262,4.948494577000162,0.076333,0.684939,0.005925,0.010415,0.130215,0.090988,0.001185,3192,16035,16938,1.5405,1.5135,0.4514,0.4119,0.42956,0.003124,1,medium,1651,5,5,95,378,116,58,143,4174,258,0.6054,19,470,255,normalized
REF-0045,OK,大教堂.litematic,大教堂,3465,LEGACY_SAFE,1,133,53,76,535724,43192,492532,0.080624,63,32,3.20510392838417,0.017642,0.717656,0.052602,0.002593,0.003982,0.088327,0.117198,10102,43192,80804,2.5094,1.434,0.2869,0.9868,0.921235,0.002091,1,medium,10102,2,2,2272,418,46,46,50,15565,503,0.6028,117,1120,646,normalized
REF-0046,OK,女巫小屋.litematic,女巫小屋,3953,MIGRATED,1,38,50,50,95000,6636,88364,0.069853,478,161,6.706881174053614,0.155967,0.474382,0.007384,0.021549,0.07836,0.262206,0.000151,806,6636,11750,0.76,1.0,0.2573,0.3099,0.861513,8.4e-05,2,medium,1237,2,2,49,281,57,0,57,1788,329,0.3501,33,321,342,normalized
REF-0047,OK,宁静港湾.litematic,宁静港湾,4189,LEGACY_SAFE,1,46,47,53,114586,5451,109135,0.047571,315,126,5.720890472899911,0.086223,0.404329,0.0,0.001835,0.245826,0.261603,0.000183,1149,5451,8966,0.9787,1.1277,0.4333,0.4373,0.642267,0.001807,1,medium,825,3,3,0,479,30,1,31,1965,155,0.5262,20,475,208,normalized
REF-0048,OK,守卫塔.litematic,守卫塔,3465,MIGRATED,1,18,36,18,11664,1779,9885,0.152521,88,42,4.261239276643243,0.114109,0.636313,0.004497,0.075323,0.071951,0.097808,0.0,324,1779,2854,0.5,0.5,0.3888,0.551,0.60371,0.005487,1,medium,149,2,2,8,80,21,10,24,507,109,0.4517,4,61,97,normalized
REF-0049,OK,小公园橡树.litematic,小公园橡树,4438,LEGACY_SAFE,1,21,16,21,7056,1037,6019,0.146967,47,25,3.2995977162255317,0.103182,0.443587,0.0,0.0,0.428158,0.025072,0.0,441,1037,1794,1.3125,1.3125,0.6356,0.7,0.612343,0.0,1,medium,308,0,0,0,0,0,0,0,506,40,0.7767,4,0,31,normalized
REF-0050,OK,小镇市政厅.litematic,小镇市政厅,4438,MIGRATED,1,61,30,52,95160,15149,80011,0.159195,550,259,6.906354075121683,0.16615,0.588752,0.03855,0.016437,0.094858,0.089511,0.005743,3172,15149,24606,2.0333,1.7333,0.8223,0.1474,0.528418,0.066435,2,high,2676,15,1,584,447,190,9,199,5129,390,0.5227,23,1334,375,normalized
REF-0051,OK,小雪人.litematic,小雪人,3465,LEGACY_SAFE,1,7,9,7,441,106,335,0.240363,13,9,2.5481509557825803,0.018868,0.443396,0.0,0.0,0.0,0.537736,0.0,24,106,202,0.7778,0.7778,0.9813,0.9099,0.773585,0.0,1,medium,21,0,0,0,6,2,0,2,27,11,0.3333,0,0,8,normalized
REF-0052,OK,山川高塔.litematic,山川高塔,3465,MIGRATED,1,19,101,25,47975,7083,40892,0.147639,180,52,4.336581160499712,0.107017,0.814203,0.008471,0.000141,0.011153,0.059015,0.0,468,7083,10090,0.1881,0.2475,0.8443,0.2932,0.628406,0.018489,3,medium,486,1,0,60,733,44,38,47,1361,117,0.435,14,379,83,normalized
REF-0053,OK,巨型云杉塔.litematic,巨型云杉塔,4438,LEGACY_SAFE,1,53,122,52,336232,43598,292634,0.129666,91,22,3.419459641299529,0.329809,0.0692,0.0,0.0,0.509565,0.077205,0.014221,2247,43598,65578,0.4344,0.4262,0.5865,0.4527,0.654594,0.00047,3,medium,2776,0,0,0,99,9,3853,249,9268,1404,0.5194,143,3132,1138,normalized
REF-0054,OK,帆船_小_红白色_二.litematic,帆船_小_红白色_二,3465,LEGACY_SAFE,1,21,21,7,3087,500,2587,0.16197,72,24,5.253996408112105,0.192,0.242,0.0,0.104,0.16,0.302,0.0,97,500,1220,1.0,0.3333,0.2453,0.7921,0.898,0.002268,1,medium,45,0,0,0,54,10,0,10,155,56,0.3742,2,36,37,normalized
REF-0055,OK,平原晶塔.litematic,平原晶塔,3465,MIGRATED,1,9,40,9,3240,577,2663,0.178086,75,22,5.180496232089203,0.0,0.750433,0.109185,0.015598,0.081456,0.036395,0.006932,81,577,1688,0.225,0.225,0.9428,0.9428,0.82149,0.003704,2,high,86,0,0,63,96,45,0,45,184,97,0.2935,0,64,36,normalized
REF-0056,OK,幻想风蓝色飞艇.litematic,幻想风蓝色飞艇,3465,LEGACY_SAFE,1,99,121,154,1844766,42602,1802164,0.023093,316,81,4.35229072103437,0.167387,0.624243,0.0,0.048542,0.001948,0.154242,0.003638,6267,42602,81148,0.8182,1.2727,0.9502,0.031,0.589245,0.018705,UNKNOWN,low,UNKNOWN,2,2,0,1541,462,13,472,13321,2826,0.1748,165,2237,2682,normalized
REF-0057,OK,开花巨树一_大.litematic,开花巨树一_大,3465,LEGACY_SAFE,1,97,98,62,589372,25771,563601,0.043726,10,9,2.072279059783717,0.18936,0.005394,0.00291,0.0,0.802336,0.0,0.0,4020,25771,98898,0.9898,0.6327,0.0583,0.0735,0.912343,0.000226,UNKNOWN,low,UNKNOWN,0,0,75,0,0,0,0,11578,9106,0.001,16,0,3174,normalized
REF-0058,OK,开花巨树二_大.litematic,开花巨树二_大,3465,LEGACY_SAFE,1,69,58,98,392196,14573,377623,0.037157,9,9,2.076274666307489,0.175393,0.00645,0.004392,0.0,0.813765,0.0,0.0,2888,14573,53440,1.1897,1.6897,0.0494,0.044,0.925753,0.000194,UNKNOWN,low,UNKNOWN,0,0,64,0,0,0,0,6250,4588,0.003,22,0,1922,normalized
REF-0059,OK,德鲁伊小屋.litematic,德鲁伊小屋,3465,MIGRATED,1,48,59,55,155760,11061,144699,0.071013,391,141,4.7879558028046665,0.143387,0.575626,0.003255,0.002079,0.138053,0.137239,0.000362,1390,11061,13594,0.8136,0.9322,0.435,0.5683,0.462526,0.000822,1,medium,823,8,6,36,235,111,3,114,2364,454,0.316,37,663,494,normalized
REF-0060,OK,拉面馆.litematic,拉面馆,3953,MIGRATED,1,21,22,19,8778,1565,7213,0.178287,168,73,5.955454032176716,0.175719,0.496486,0.001917,0.00639,0.11246,0.20639,0.000639,399,1565,3034,0.9545,0.8636,0.6117,0.637,0.89393,0.000228,1,medium,399,0,0,3,39,14,5,19,723,36,0.5615,7,321,48,normalized
REF-0061,OK,摆摊.litematic,摆摊,3465,LEGACY_SAFE,1,11,4,5,220,69,151,0.313636,11,8,2.8746570645958918,0.231884,0.0,0.0,0.0,0.449275,0.318841,0.0,36,69,220,2.75,1.25,0.9167,0.4375,0.971014,0.0,2,high,52,0,0,0,0,0,0,0,43,6,0.6977,0,0,10,normalized
REF-0062,OK,教堂_二.litematic,教堂_二,3953,MIGRATED,1,82,68,51,284376,15283,269093,0.053742,355,98,5.640956543268908,0.125172,0.592685,0.047765,0.077472,0.040503,0.116404,0.0,2185,15283,26318,1.2059,0.75,0.3705,0.9874,0.424393,0.084768,1,medium,1327,45,42,730,1175,180,0,180,4022,705,0.3312,66,826,617,normalized
REF-0063,OK,斗兽场.litematic,斗兽场,4438,LEGACY_SAFE,1,55,25,50,68750,11518,57232,0.167535,23,7,1.9024693139309177,0.001389,0.825751,0.043758,0.0,0.0,0.129102,0.0,1990,11518,22762,2.2,2.0,0.27,0.9934,0.907015,0.000291,4,high,5034,0,0,504,720,20,0,20,4665,113,0.6407,37,1384,178,normalized
REF-0064,OK,旋风忍术修道院.litematic,旋风忍术修道院,4189,MIGRATED,1,74,39,76,219336,16212,203124,0.073914,372,141,5.395129974960185,0.041944,0.692573,0.0,0.003763,0.094436,0.167222,6.2e-05,2645,16212,17084,1.8974,1.9487,0.6262,0.4291,0.404392,0.002772,1,medium,2184,3,3,0,842,74,112,126,4047,307,0.2987,37,1787,353,normalized
REF-0065,OK,日式仓库.litematic,日式仓库,4189,LEGACY_SAFE,1,24,18,20,8640,2469,6171,0.285764,105,47,5.133761091365542,0.235723,0.556501,0.0,0.0,0.042932,0.164844,0.0,480,2469,3366,1.3333,1.1111,0.5786,0.49,0.577157,0.006134,3,medium,490,0,0,0,107,8,6,9,724,42,0.471,7,274,37,normalized
REF-0066,OK,日式宝塔.litematic,日式宝塔,4189,MIGRATED,1,47,60,50,141000,12926,128074,0.091674,154,42,5.58002795046912,0.31162,0.236887,0.000928,0.000928,0.049822,0.399814,0.0,1529,12926,20918,0.7833,0.8333,0.5762,0.6954,0.654108,0.035078,4,high,4308,0,0,12,1436,53,0,53,3831,129,0.2073,24,1756,30,normalized
REF-0067,OK,日式宫殿.litematic,日式宫殿,3465,LEGACY_SAFE,1,68,48,72,235008,35203,199805,0.149795,67,17,2.8630794706737497,0.253927,0.517427,0.0,0.0,0.082493,0.146152,0.0,3111,35203,36280,1.4167,1.5,0.2717,0.2222,0.505071,0.001362,1,medium,2060,29,29,0,3398,23,23,27,9454,40,0.8262,16,3266,85,normalized
REF-0068,OK,日式寺院.litematic,日式寺院,4189,LEGACY_SAFE,1,42,37,94,146076,10844,135232,0.074235,257,69,4.2676235404072145,0.108078,0.769273,0.001475,0.000738,0.00332,0.117115,0.0,2031,10844,12254,1.1351,2.5405,0.8113,0.0945,0.538362,0.003478,1,medium,1896,0,0,16,653,43,0,43,3337,56,0.5172,15,993,73,normalized
REF-0069,OK,日式门楼.litematic,日式门楼,4189,MIGRATED,1,67,51,34,116178,13873,102305,0.119412,236,52,6.127365455815981,0.345419,0.274058,0.000288,0.000577,0.027536,0.352123,0.0,1733,13873,22886,1.3137,0.6667,0.4982,0.6154,0.778923,0.017594,3,high,2676,12,12,4,1100,75,52,81,4493,379,0.1847,69,1832,364,normalized
REF-0070,OK,晶化木屋.litematic,晶化木屋,3465,MIGRATED,1,51,81,75,309825,13648,296177,0.044051,182,64,5.643080167919557,0.264141,0.27308,0.000147,0.001172,0.151304,0.28854,0.021615,1887,13648,28328,0.6296,0.9259,0.0999,0.1669,0.643831,0.02411,UNKNOWN,low,UNKNOWN,9,7,2,902,125,0,125,4992,1277,0.1384,69,573,942,normalized
REF-0071,OK,月宫.litematic,月宫,3465,LEGACY_SAFE,1,69,68,73,342516,13390,329126,0.039093,183,56,5.096231103742994,0.211277,0.5882,0.047573,0.003659,0.08581,0.06348,0.0,1919,13390,25032,1.0147,1.0735,0.1362,0.0398,0.814638,0.000289,UNKNOWN,low,UNKNOWN,0,0,637,780,102,0,102,3756,571,0.2519,28,2015,391,normalized
REF-0072,OK,杜鹃花树_普通_十一.litematic,杜鹃花树_普通_十一,3465,LEGACY_SAFE,1,14,18,14,3528,813,2715,0.230442,25,6,3.76895592332261,0.114391,0.241082,0.0,0.0,0.624846,0.01968,0.0,196,813,2042,0.7778,0.7778,0.3897,0.4213,0.876999,0.003968,2,high,267,0,0,0,0,0,0,0,235,42,0.7745,0,0,24,normalized
REF-0073,OK,林中地精小屋.litematic,林中地精小屋,4438,LEGACY_SAFE,1,47,23,40,43240,6300,36940,0.145698,163,75,3.5388225254784893,0.113651,0.753651,0.001905,0.002381,0.080635,0.041905,0.005873,1880,6300,8618,2.0435,1.7391,0.6345,0.6995,0.445873,0.019981,1,medium,1876,2,2,12,102,43,0,43,2148,247,0.7505,7,288,118,normalized
REF-0074,OK,森林观测塔.litematic,森林观测塔,3465,MIGRATED,1,22,44,19,18392,3986,14406,0.216725,99,44,4.369230426763113,0.321626,0.387858,0.0,0.001004,0.133969,0.155544,0.0,415,3986,6780,0.5,0.4318,0.3558,0.72,0.503512,0.044585,2,high,389,2,1,0,4,4,49,18,939,248,0.2109,10,202,168,normalized
REF-0075,OK,樱花日式民家.litematic,樱花日式民家,4189,LEGACY_SAFE,1,70,37,78,202020,13478,188542,0.066716,265,86,6.027664058187514,0.191571,0.175768,0.0,0.0,0.379582,0.1728,0.080279,2914,13478,25534,1.8919,2.1081,0.1829,0.2367,0.740466,0.007093,1,medium,2302,0,0,0,552,153,17,164,4372,788,0.2962,31,1219,698,normalized
REF-0076,OK,樱花町屋.litematic,樱花町屋,4189,MIGRATED,1,85,82,83,578510,12785,565725,0.0221,416,120,6.4045647150331675,0.231208,0.43989,0.005006,0.001721,0.097849,0.223387,0.000939,2115,12785,27790,1.0366,1.0122,0.097,0.2416,0.86797,9.5e-05,UNKNOWN,low,UNKNOWN,0,0,64,1060,122,0,122,5523,557,0.1764,52,3219,545,normalized
REF-0077,OK,欧式酒馆.litematic,欧式酒馆,3120,MIGRATED,1,73,74,52,280904,17977,262927,0.063997,398,120,5.240602291898185,0.150915,0.652834,0.008233,0.007899,0.059799,0.118429,0.001891,3796,17977,35496,0.9865,0.7027,0.3788,0.2376,0.829004,0.007237,2,high,5685,3,3,148,1588,198,217,226,6946,434,0.5487,63,983,496,normalized
REF-0078,OK,水之庄园.litematic,水之庄园,4189,MIGRATED,1,49,51,63,157437,16600,140837,0.105439,303,111,5.6375051489909564,0.170422,0.423313,0.039277,0.007651,0.114578,0.178735,0.066024,1920,16600,24572,0.9608,1.2353,0.697,0.3866,0.669759,0.000476,2,high,2822,2,2,652,1644,337,0,337,4410,572,0.4889,29,1453,464,normalized
REF-0079,OK,水池小凉亭.litematic,水池小凉亭,4438,LEGACY_SAFE,1,15,10,18,2700,896,1804,0.331852,40,20,4.037242877976379,0.137277,0.632812,0.0,0.003348,0.0,0.160714,0.065848,270,896,1506,1.5,1.8,1.0,0.7603,0.638393,0.0,2,high,358,0,0,0,91,17,0,17,375,4,0.6133,3,164,10,normalized
REF-0080,OK,池塘樱花树.litematic,池塘樱花树,4438,LEGACY_SAFE,1,21,20,21,8820,3197,5623,0.362472,106,45,3.8432674199592967,0.103222,0.537066,0.122615,0.0,0.186738,0.030654,0.019706,441,3197,4484,1.05,1.05,0.5184,0.517,0.466688,0.000454,2,high,404,0,0,392,20,15,0,15,773,102,0.4644,15,143,134,normalized
REF-0081,OK,沙漠建筑_射箭场.litematic,沙漠建筑_射箭场,4438,LEGACY_SAFE,1,22,11,23,5566,2205,3361,0.396155,59,31,2.697810851438357,0.088435,0.824036,0.0,0.0,0.014966,0.072562,0.0,506,2205,2542,2.0,2.0909,0.6213,0.9609,0.418594,0.020841,2,high,693,1,1,0,10,8,5,9,637,31,0.6923,6,148,27,normalized
REF-0082,OK,沙漠建筑_铁匠铺.litematic,沙漠建筑_铁匠铺,4438,LEGACY_SAFE,1,16,20,18,5760,1685,4075,0.292535,69,37,3.4103692716595497,0.111573,0.737685,0.0,0.000593,0.046884,0.103264,0.0,288,1685,2364,0.8,0.9,0.4703,0.6833,0.449852,0.041319,3,high,296,4,3,0,11,8,5,9,467,40,0.5075,5,123,42,normalized
REF-0083,OK,沼泽地村庄.litematic,沼泽地村庄,4438,LEGACY_SAFE,1,80,39,82,255840,54416,201424,0.212695,119,38,3.1479066072334176,0.095119,0.564191,0.002518,0.002481,0.017918,0.049857,0.267918,6560,54416,29344,2.0513,2.1026,0.7697,0.7798,0.213375,0.005445,1,medium,2502,37,36,137,232,22,344,136,10093,258,0.3345,83,790,256,normalized
REF-0084,OK,沼泽城.litematic,沼泽城,3465,MIGRATED,1,118,142,140,2345840,81085,2264755,0.034565,293,77,3.391093496634014,0.354862,0.018968,0.0,0.000197,0.601924,0.024049,0.0,7206,81085,204546,0.831,0.9859,0.074,0.1507,0.689375,0.000485,UNKNOWN,low,UNKNOWN,3,3,0,505,105,2884,752,22491,14105,0.0209,153,2219,7191,normalized
REF-0085,OK,法师居所.litematic,法师居所,3953,MIGRATED,1,33,63,46,95634,6813,88821,0.07124,285,112,6.124741048090912,0.189637,0.453251,0.004697,0.053574,0.046529,0.252312,0.0,967,6813,14334,0.5238,0.7302,0.1882,0.2506,0.899604,0.000795,1,medium,917,2,2,32,501,132,29,134,2293,486,0.3515,32,580,416,normalized
REF-0086,OK,法术学院.litematic,法术学院,4438,LEGACY_SAFE,1,72,65,114,533520,30913,502607,0.057942,59,28,2.724638771209375,0.030311,0.756995,0.003752,0.005079,0.174651,0.018924,0.010287,8208,30913,59154,1.1077,1.7538,0.7049,0.2521,0.803287,0.002324,1,medium,8176,10,10,116,6,6,0,6,13931,1020,0.4397,174,18,945,normalized
REF-0087,OK,泰姬陵.litematic,泰姬陵,3465,LEGACY_SAFE,1,98,46,98,441784,25496,416288,0.057711,51,18,1.357137597125384,0.003059,0.941089,0.007844,0.023259,0.0,0.021925,0.002824,8548,25496,53498,2.1304,2.1304,0.6572,0.4739,0.917046,0.006062,1,medium,7651,2,2,200,84,6,28,9,13214,667,0.8237,55,1166,611,normalized
REF-0088,OK,海晶石白色小教堂.litematic,海晶石白色小教堂,4438,LEGACY_SAFE,1,15,23,15,5175,1181,3994,0.228213,24,10,3.029179095234494,0.0,0.923793,0.069433,0.0,0.006774,0.0,0.0,225,1181,2434,0.6522,0.6522,0.9849,1.0,0.941575,0.0,3,high,408,0,0,82,66,19,0,19,355,4,0.4676,3,80,24,normalized
REF-0089,OK,深板岩地狱门.litematic,深板岩地狱门,4438,LEGACY_SAFE,1,6,6,3,108,79,29,0.731481,15,8,3.5393368885152037,0.0,0.772152,0.0,0.0,0.075949,0.151899,0.0,18,79,158,1.0,0.5,0.975,0.8588,0.670886,0.0,1,medium,18,0,0,0,8,4,0,4,28,6,0.6429,0,22,0,normalized
REF-0090,OK,深板岩城堡.litematic,深板岩城堡,3953,MIGRATED,1,147,133,148,2893548,99586,2793962,0.034417,756,203,5.786642213841804,0.135501,0.616211,0.0,0.002862,0.021439,0.223515,0.000472,9459,99586,177368,1.1053,1.1128,0.1072,0.3156,0.725785,0.015833,UNKNOWN,low,UNKNOWN,65,32,0,5920,1199,270,1253,26633,2943,0.5007,310,6935,2604,normalized
REF-0091,OK,灰熊要塞.litematic,灰熊要塞,4438,LEGACY_SAFE,1,66,38,53,132924,27904,105020,0.209924,110,56,4.037239265194954,0.230039,0.596079,0.017883,0.010034,0.067732,0.053469,0.024763,3428,27904,45900,1.7368,1.3947,0.3565,0.3217,0.598982,0.061471,2,high,4135,31,17,499,120,31,47,41,8562,549,0.4637,115,1021,657,normalized
REF-0092,OK,玫瑰堡.litematic,玫瑰堡,4189,MIGRATED,1,68,51,43,149124,9613,139511,0.064463,585,222,7.087873902416892,0.178196,0.436492,0.004785,0.007594,0.157183,0.213877,0.001872,1794,9613,18410,1.3333,0.8431,0.1233,0.3069,0.63851,0.011454,1,medium,935,9,5,46,599,147,70,176,3413,607,0.4919,23,1119,464,normalized
REF-0093,OK,白塔天守阁.litematic,白塔天守阁,4189,MIGRATED,1,82,68,79,440504,12189,428315,0.027671,277,75,5.777023796678951,0.217737,0.26286,0.005087,0.001149,0.092789,0.420379,0.0,1937,12189,26070,1.2059,1.1618,0.1327,0.1503,0.868078,0.000188,UNKNOWN,low,UNKNOWN,0,0,62,1018,119,0,119,5299,373,0.1866,52,3181,383,normalized
REF-0094,OK,白桦木商铺.litematic,白桦木商铺,3465,LEGACY_SAFE,1,16,16,23,5888,1919,3969,0.325917,110,53,5.238301352476865,0.282439,0.437207,0.03752,0.0,0.090672,0.145909,0.006253,368,1919,3342,1.0,1.4375,0.41,0.5998,0.519541,0.086277,2,medium,258,2,2,72,202,18,51,36,652,37,0.8543,3,426,56,normalized
REF-0095,OK,白桦树_中_三.litematic,白桦树_中_三,3465,LEGACY_SAFE,1,31,19,27,15903,1331,14572,0.083695,2,2,0.9251490411312839,0.340346,0.0,0.0,0.0,0.659654,0.0,0.0,480,1331,4416,1.6316,1.4211,0.2089,0.1959,0.871525,0.002955,UNKNOWN,low,UNKNOWN,0,0,0,0,0,0,0,538,422,0.0149,0,0,123,normalized
REF-0096,OK,白色沙漠小帐篷.litematic,白色沙漠小帐篷,4438,LEGACY_SAFE,1,7,8,8,448,170,278,0.379464,25,14,3.492254828542485,0.170588,0.505882,0.0,0.0,0.288235,0.035294,0.0,56,170,366,0.875,1.0,0.954,0.7172,0.805882,0.0,1,medium,18,0,0,0,0,0,0,0,60,17,0.1167,0,10,20,normalized
REF-0097,OK,监守者地狱门.litematic,监守者地狱门,3465,LEGACY_SAFE,1,31,23,32,22816,2123,20693,0.093049,9,9,2.031151717747734,0.0,0.17805,0.0,0.0,0.330664,0.030617,0.460669,584,2123,4488,1.3478,1.3913,0.3017,0.9804,0.993406,0.0,1,medium,455,0,0,0,0,0,0,0,641,21,0.3136,5,0,20,normalized
REF-0098,OK,石质小教堂.litematic,石质小教堂,4438,LEGACY_SAFE,1,17,22,16,5984,1425,4559,0.238135,23,13,2.4420728711781985,0.154386,0.775439,0.013333,0.0,0.0,0.056842,0.0,272,1425,2796,0.7727,0.7273,0.5531,0.5356,0.362105,0.16611,2,high,193,2,2,19,46,5,0,5,541,31,0.329,18,107,37,normalized
REF-0099,OK,石质教堂.litematic,石质教堂,3465,MIGRATED,1,28,52,42,61152,6224,54928,0.101779,44,21,2.1205578501746634,0.019441,0.691517,0.142513,0.005141,0.001607,0.135283,0.004499,1137,6224,13146,0.5385,0.8077,0.9572,0.2531,0.907616,0.000392,1,medium,727,6,6,887,424,21,0,21,1505,434,0.0757,35,303,278,normalized
REF-0100,OK,秘境药师.litematic,秘境药师,3105,MIGRATED,1,50,61,46,140300,8805,131495,0.062758,215,93,4.754830451493001,0.087337,0.497445,0.0,0.002612,0.250312,0.156388,0.005906,2300,8805,13036,0.8197,0.7541,0.5698,0.5518,0.622828,0.005602,1,medium,1342,1,1,0,420,85,11,86,2991,228,0.3775,29,294,203,normalized
REF-0101,OK,童话花园地块.litematic,童话花园地块,4438,LEGACY_SAFE,1,34,24,34,27744,8353,19391,0.301074,63,28,3.1442101603782513,0.015803,0.80067,0.110619,0.0,0.052556,0.0,0.020352,1156,8353,8286,1.4167,1.4167,0.6446,0.6305,0.314618,0.000541,1,medium,775,0,0,924,64,16,0,16,1594,329,0.244,17,127,270,normalized
REF-0102,OK,精灵领袖之树.litematic,精灵领袖之树,4438,LEGACY_SAFE,1,43,55,37,87505,7887,79618,0.090132,46,23,3.0489427908069726,0.505135,0.24496,0.016229,0.0,0.159123,0.068467,0.006086,1591,7887,18898,0.7818,0.6727,0.2075,0.3936,0.908457,0.032181,1,medium,1591,0,0,128,266,19,0,19,3706,528,0.5761,33,432,507,normalized
REF-0103,OK,糖果城堡.litematic,糖果城堡,4438,LEGACY_SAFE,1,59,107,57,359841,50430,309411,0.140145,234,102,4.05269889283773,0.001884,0.714912,0.012413,0.013742,0.249415,0.007515,0.000119,3269,50430,44104,0.5514,0.5327,0.4994,0.446,0.348443,0.010132,3,medium,3692,37,32,626,1552,266,0,266,6917,1312,0.0885,109,734,841,normalized
REF-0104,OK,红白小宫殿.litematic,红白小宫殿,3465,MIGRATED,1,34,55,43,80410,8998,71412,0.111902,252,65,5.37339222839846,0.017448,0.76317,0.020449,0.078128,0.054345,0.066459,0.0,1046,8998,16178,0.6182,0.7818,0.3382,0.2943,0.849522,0.003296,2,high,1831,7,7,184,833,197,0,197,2807,298,0.2006,44,730,230,normalized
REF-0105,OK,绞刑架.litematic,绞刑架,4438,LEGACY_SAFE,1,9,8,9,648,132,516,0.203704,34,11,4.384003067197523,0.159091,0.098485,0.0,0.0,0.0,0.742424,0.0,61,132,366,1.125,1.125,0.2816,0.9556,0.962121,0.0,1,medium,53,0,0,0,18,6,0,6,66,8,0.7121,1,17,17,normalized
REF-0106,OK,羽蛇神雕像.litematic,羽蛇神雕像,4438,LEGACY_SAFE,1,92,110,84,850080,21098,828982,0.024819,33,14,3.0719800619479916,4.7e-05,0.810693,0.0,0.0,0.18926,0.0,0.0,4232,21098,63002,0.8364,0.7636,0.129,0.1587,0.994502,8.9e-05,1,medium,3642,0,0,0,0,0,683,239,12411,2712,0.2615,241,242,2405,normalized
REF-0107,OK,茶坊.litematic,茶坊,3465,MIGRATED,1,46,41,49,92414,5365,87049,0.058054,398,137,6.944578176817804,0.171295,0.296179,0.021249,0.010438,0.156011,0.343523,0.001305,814,5365,8988,1.122,1.1951,0.2491,0.2487,0.520224,0.016837,1,medium,713,3,3,114,339,52,47,64,1559,241,0.5125,18,433,233,normalized
REF-0108,OK,菲木静居.litematic,菲木静居,3465,MIGRATED,1,92,105,107,1033620,64027,969593,0.061944,430,123,4.079836900383052,0.191357,0.095069,0.011292,0.000203,0.60765,0.09396,0.000469,5614,64027,146652,0.8762,1.019,0.0878,0.1373,0.836007,0.005547,UNKNOWN,low,UNKNOWN,10,10,723,1064,281,47,282,20448,8767,0.1251,176,2547,6267,normalized
REF-0109,OK,蔓生精灵庄园.litematic,蔓生精灵庄园,3953,MIGRATED,1,54,83,81,363042,34446,328596,0.094882,261,99,5.718361516073001,0.223161,0.310167,0.005255,0.002061,0.337282,0.11804,0.004035,4374,34446,56322,0.6506,0.9759,0.3377,0.2228,0.789439,0.00487,2,high,6078,0,0,181,1052,292,10,294,12153,1216,0.3599,144,857,1161,normalized
REF-0110,OK,观星者月宿.litematic,观星者月宿,3953,LEGACY_SAFE,1,39,64,50,124800,5539,119261,0.044383,143,56,4.913409435784458,0.10742,0.238491,0.192273,0.002528,0.356924,0.102004,0.000361,861,5539,10072,0.6094,0.7812,0.1927,0.3796,0.731721,1.6e-05,1,medium,735,1,1,1065,298,98,212,224,1353,399,0.2882,22,398,281,normalized
REF-0111,OK,许愿之塔.litematic,许愿之塔,3953,LEGACY_SAFE,1,30,86,29,74820,7942,66878,0.106148,138,61,4.3451122606272055,0.234827,0.632712,0.001763,0.001511,0.065852,0.063334,0.0,420,7942,8276,0.3488,0.3372,0.6855,0.5341,0.442458,0.003502,1,medium,310,0,0,14,183,74,36,89,1039,352,0.1578,18,39,225,normalized
REF-0112,OK,诡异菌树_五.litematic,诡异菌树_五,3465,LEGACY_SAFE,1,8,12,9,864,167,697,0.193287,11,9,2.534081632685697,0.113772,0.538922,0.0,0.0,0.131737,0.017964,0.197605,72,167,494,0.6667,0.75,0.4153,0.5981,0.958084,0.001157,2,high,100,0,0,0,0,0,0,0,114,32,0.5877,0,0,18,normalized
REF-0113,OK,象牙城堡.litematic,象牙城堡,3465,MIGRATED,1,210,160,263,8836800,1156099,7680701,0.130828,701,125,2.7492044814018204,0.007175,0.923999,0.000666,0.000811,0.020015,0.003411,0.043924,35370,1156099,269298,1.3125,1.6438,0.474,0.7115,0.0955,0.000781,1,medium,16944,16,16,770,4052,1365,0,1365,48344,14659,0.1058,783,5016,9546,normalized
REF-0114,OK,运输空港.litematic,运输空港,2975,MIGRATED,1,81,55,84,374220,17926,356294,0.047902,475,107,6.3597461420083965,0.092268,0.628194,0.073246,0.007475,0.069396,0.127413,0.002008,3316,17926,32532,1.4727,1.5273,0.5642,0.289,0.848711,0.001486,1,medium,2504,4,4,1313,2536,340,14,348,5947,431,0.5194,57,1297,512,normalized
REF-0115,OK,部落巢穴.litematic,部落巢穴,3465,MIGRATED,1,45,51,64,146880,4789,142091,0.032605,204,75,5.614008223620367,0.559825,0.101691,0.0,0.00167,0.059929,0.274796,0.002088,1089,4789,9302,0.8824,1.2549,0.3426,0.0997,0.883274,0.000225,1,medium,960,0,0,0,346,72,22,88,1585,241,0.4719,18,486,285,normalized
REF-0116,OK,钟楼_二.litematic,钟楼_二,3465,MIGRATED,1,27,56,25,37800,3363,34437,0.088968,86,36,4.404845997581718,0.234909,0.455546,0.005947,0.011894,0.190306,0.094558,0.006839,675,3363,6490,0.4821,0.4464,0.3522,0.3191,0.713649,0.010767,1,medium,255,1,1,20,272,50,73,68,1103,171,0.5295,13,360,133,normalized
REF-0117,OK,闪长岩安山岩棺椁.litematic,闪长岩安山岩棺椁,3465,MIGRATED,1,8,7,5,280,76,204,0.271429,25,9,3.9698110652780976,0.0,0.697368,0.0,0.0,0.078947,0.223684,0.0,40,76,184,1.1429,0.7143,0.5833,1.0,0.75,0.0,1,medium,16,0,0,0,26,5,0,5,42,5,0.8095,0,15,6,normalized
REF-0118,OK,阿特拉斯护腕之塔.litematic,阿特拉斯护腕之塔,3953,LEGACY_SAFE,1,40,47,39,73320,6325,66995,0.086266,54,25,4.970601424011398,0.156206,0.429565,0.098182,0.0,0.079051,0.236996,0.0,1099,6325,15158,0.8511,0.8298,0.3726,0.9918,0.98166,0.0,1,medium,473,1,1,621,850,218,0,218,1548,438,0.1835,15,610,455,normalized
REF-0119,OK,风车房.litematic,风车房,2975,LEGACY_SAFE,1,26,25,20,13000,1670,11330,0.128462,72,23,4.313419574167609,0.166467,0.55509,0.0,0.0,0.025749,0.252695,0.0,520,1670,4006,1.04,0.8,0.3254,0.4714,0.899401,0.006462,2,high,783,2,2,0,169,28,10,30,836,45,0.8158,3,165,52,normalized
REF-0120,OK,高等精灵之塔.litematic,高等精灵之塔,4438,LEGACY_SAFE,1,13,32,13,5408,1077,4331,0.199149,68,17,4.926841166810181,0.034355,0.711235,0.0,0.0,0.0,0.25441,0.0,77,1077,2156,0.4062,0.4062,0.8928,0.8928,0.870009,0.0,4,high,246,0,0,0,325,24,0,24,256,36,0.832,0,138,26,normalized
REF-0121,OK,魔幻中世纪小屋.litematic,魔幻中世纪小屋,3465,MIGRATED,1,47,49,66,151998,15681,136317,0.103166,471,155,6.3706902887285155,0.318921,0.36286,0.0,0.005293,0.058096,0.254767,6.4e-05,1384,15681,21248,0.9592,1.3469,0.2496,0.3343,0.75888,0.00073,UNKNOWN,low,UNKNOWN,1,1,0,933,187,28,205,3382,321,0.3616,83,625,451,normalized
REF-0122,OK,魔法空岛小屋.litematic,魔法空岛小屋,3465,MIGRATED,1,31,116,31,111476,8315,103161,0.07459,156,57,5.635596659902199,0.178352,0.443416,0.075406,0.010102,0.155622,0.137102,0.0,691,8315,19714,0.2672,0.2672,0.2902,0.2244,0.685147,0.060901,1,medium,432,3,3,627,535,145,0,145,2256,1013,0.0559,35,354,603,normalized
REF-0123,OK,京町家修复.litematic,江户后期京都呉服商町家院落,4903,CURRENT_NATIVE,2,29,20,74,42920,12188,30732,0.28397,50,40,3.436789035283008,0.277896,0.687808,0.01001,0.0,0.009353,0.014276,0.000656,2107,12188,17220,1.45,3.7,0.5212,0.412,0.732114,0.0,2,high,1921,0,0,122,1488,13,0,13,3872,61,0.3605,22,962,88,normalized
